{
  "map50": 0.5466798702171618,
  "map": 0.4218174552667213,
  "precision": 0.8226247541207029,
  "recall": 0.4716086287187134,
  "f1": 0.5995161883242347,
  "class_metrics": {
    "OxygenTank": {
      "map50": 0.5717248033587865,
      "precision": 0.8956263777924893,
      "recall": 0.6291476903057905
    },
    "NitrogenTank": {
      "map50": 0.5268124805332968,
      "precision": 0.8216612403614143,
      "recall": 0.5586433878405855
    },
    "FirstAidBox": {
      "map50": 0.53443969301015,
      "precision": 0.7926734584030185,
      "recall": 0.5794871794871795
    },
    "SafetySwitchPanel": {
      "map50": 0.300976492672958,
      "precision": 0.8317025926739994,
      "recall": 0.32727272727272727
    },
    "FireExtinguisher": {
      "map50": 0.3559792934161175,
      "precision": 0.8270100259952955,
      "recall": 0.4247191011235955
    },
    "FireAlarm": {
      "map50": 0.275040548414838,
      "precision": 0.7692643232034483,
      "recall": 0.3568075117370892
    },
    "EmergencyPhone": {
      "map50": 0.3877488754609019,
      "precision": 0.8204352604152544,
      "recall": 0.42518280326402685
    }
  }
}